mysql> CREATE DATABASE COMPANY_DB;
Query OK, 1 row affected (0.00 sec)

mysql> USE COMPANY_DB;
Database changed
mysql> 
mysql> CREATE TABLE EMPLOYEE (
    ->     emp_id INT,
    ->     name VARCHAR(50),
    ->     city VARCHAR(50),
    ->     dob DATE,
    ->     adhar_no VARCHAR(20)
    -> );
Query OK, 0 rows affected (0.03 sec)

mysql> DESC EMPLOYEE;
+----------+-------------+------+-----+---------+-------+
| Field    | Type        | Null | Key | Default | Extra |
+----------+-------------+------+-----+---------+-------+
| emp_id   | int         | YES  |     | NULL    |       |
| name     | varchar(50) | YES  |     | NULL    |       |
| city     | varchar(50) | YES  |     | NULL    |       |
| dob      | date        | YES  |     | NULL    |       |
| adhar_no | varchar(20) | YES  |     | NULL    |       |
+----------+-------------+------+-----+---------+-------+
5 rows in set (0.00 sec)

mysql> 
mysql> CREATE TABLE STUDENT (
    ->     roll_no INT PRIMARY KEY,
    ->     name VARCHAR(50) NOT NULL,
    ->     age INT NOT NULL CHECK (age BETWEEN 0 AND 99),
    ->     address VARCHAR(100),
    ->     gender CHAR(1) DEFAULT 'm'
    -> );
Query OK, 0 rows affected (0.02 sec)

mysql> DESC STUDENT;
+---------+--------------+------+-----+---------+-------+
| Field   | Type         | Null | Key | Default | Extra |
+---------+--------------+------+-----+---------+-------+
| roll_no | int          | NO   | PRI | NULL    |       |
| name    | varchar(50)  | NO   |     | NULL    |       |
| age     | int          | NO   |     | NULL    |       |
| address | varchar(100) | YES  |     | NULL    |       |
| gender  | char(1)      | YES  |     | m       |       |
+---------+--------------+------+-----+---------+-------+
5 rows in set (0.01 sec)

mysql> 
mysql> CREATE TEMPORARY TABLE STUDENT1
    -> SELECT * FROM STUDENT;
Query OK, 0 rows affected (0.00 sec)
Records: 0  Duplicates: 0  Warnings: 0

mysql> DESC STUDENT1;
+---------+--------------+------+-----+---------+-------+
| Field   | Type         | Null | Key | Default | Extra |
+---------+--------------+------+-----+---------+-------+
| roll_no | int          | NO   |     | NULL    | NULL  |
| name    | varchar(50)  | NO   |     | NULL    | NULL  |
| age     | int          | NO   |     | NULL    | NULL  |
| address | varchar(100) | YES  |     | NULL    | NULL  |
| gender  | char(1)      | YES  |     | m       | NULL  |
+---------+--------------+------+-----+---------+-------+
5 rows in set (0.00 sec)

mysql> 
mysql> CREATE TABLE EMPLOYEE_DUP
    -> SELECT * FROM EMPLOYEE;
Query OK, 0 rows affected (0.03 sec)
Records: 0  Duplicates: 0  Warnings: 0

mysql> DESC EMPLOYEE_DUP;
+----------+-------------+------+-----+---------+-------+
| Field    | Type        | Null | Key | Default | Extra |
+----------+-------------+------+-----+---------+-------+
| emp_id   | int         | YES  |     | NULL    |       |
| name     | varchar(50) | YES  |     | NULL    |       |
| city     | varchar(50) | YES  |     | NULL    |       |
| dob      | date        | YES  |     | NULL    |       |
| adhar_no | varchar(20) | YES  |     | NULL    |       |
+----------+-------------+------+-----+---------+-------+
5 rows in set (0.00 sec)

mysql> 
mysql> CREATE DATABASE INVOICE;
Query OK, 1 row affected (0.00 sec)

mysql> USE INVOICE;
Database changed
mysql> 
mysql> CREATE TABLE Customer (
    ->     id INT PRIMARY KEY,
    ->     name VARCHAR(50),
    ->     address VARCHAR(100),
    ->     city VARCHAR(50),
    ->     ph_no VARCHAR(15)
    -> );
Query OK, 0 rows affected (0.02 sec)

mysql> DESC Customer;
+---------+--------------+------+-----+---------+-------+
| Field   | Type         | Null | Key | Default | Extra |
+---------+--------------+------+-----+---------+-------+
| id      | int          | NO   | PRI | NULL    |       |
| name    | varchar(50)  | YES  |     | NULL    |       |
| address | varchar(100) | YES  |     | NULL    |       |
| city    | varchar(50)  | YES  |     | NULL    |       |
| ph_no   | varchar(15)  | YES  |     | NULL    |       |
+---------+--------------+------+-----+---------+-------+
5 rows in set (0.00 sec)

mysql> 
mysql> CREATE TABLE Product (
    ->     pid INT PRIMARY KEY,
    ->     pname VARCHAR(50),
    ->     price DECIMAL(8,2) DEFAULT 0
    -> );
Query OK, 0 rows affected (0.03 sec)

mysql> DESC Product;
+-------+--------------+------+-----+---------+-------+
| Field | Type         | Null | Key | Default | Extra |
+-------+--------------+------+-----+---------+-------+
| pid   | int          | NO   | PRI | NULL    |       |
| pname | varchar(50)  | YES  |     | NULL    |       |
| price | decimal(8,2) | YES  |     | 0.00    |       |
+-------+--------------+------+-----+---------+-------+
3 rows in set (0.00 sec)

mysql> 
mysql> CREATE TABLE Invoice_master (
    ->     inv_id INT PRIMARY KEY,
    ->     cust_id INT,
    ->     inv_date DATE,
    ->     FOREIGN KEY (cust_id) REFERENCES Customer(id)
    -> );
Query OK, 0 rows affected (0.04 sec)

mysql> DESC Invoice_master;
+----------+------+------+-----+---------+-------+
| Field    | Type | Null | Key | Default | Extra |
+----------+------+------+-----+---------+-------+
| inv_id   | int  | NO   | PRI | NULL    |       |
| cust_id  | int  | YES  | MUL | NULL    |       |
| inv_date | date | YES  |     | NULL    |       |
+----------+------+------+-----+---------+-------+
3 rows in set (0.00 sec)

mysql> 
mysql> CREATE TABLE Invoice_item (
    ->     inv_id INT,
    ->     pid INT,
    ->     quantity INT,
    ->     FOREIGN KEY (inv_id) REFERENCES Invoice_master(inv_id), 
    ->     FOREIGN KEY (pid) REFERENCES Product(pid)
    -> );
Query OK, 0 rows affected (0.04 sec)

mysql> DESC Invoice_item;
+----------+------+------+-----+---------+-------+
| Field    | Type | Null | Key | Default | Extra |
+----------+------+------+-----+---------+-------+
| inv_id   | int  | YES  | MUL | NULL    |       |
| pid      | int  | YES  | MUL | NULL    |       |
| quantity | int  | YES  |     | NULL    |       |
+----------+------+------+-----+---------+-------+
3 rows in set (0.00 sec)

mysql> 
mysql> USE COMPANY_DB;
Reading table information for completion of table and column names
You can turn off this feature to get a quicker startup with -A

Database changed
mysql> 
mysql> ALTER TABLE EMPLOYEE
    -> ADD SSN VARCHAR(20) FIRST;
Query OK, 0 rows affected (0.04 sec)
Records: 0  Duplicates: 0  Warnings: 0

mysql> DESC EMPLOYEE;
+----------+-------------+------+-----+---------+-------+
| Field    | Type        | Null | Key | Default | Extra |
+----------+-------------+------+-----+---------+-------+
| SSN      | varchar(20) | YES  |     | NULL    |       |
| emp_id   | int         | YES  |     | NULL    |       |
| name     | varchar(50) | YES  |     | NULL    |       |
| city     | varchar(50) | YES  |     | NULL    |       |
| dob      | date        | YES  |     | NULL    |       |
| adhar_no | varchar(20) | YES  |     | NULL    |       |
+----------+-------------+------+-----+---------+-------+
6 rows in set (0.01 sec)

mysql> 
mysql> ALTER TABLE EMPLOYEE
    -> MODIFY dob YEAR;
Query OK, 0 rows affected (0.07 sec)
Records: 0  Duplicates: 0  Warnings: 0

mysql> DESC EMPLOYEE;
+----------+-------------+------+-----+---------+-------+
| Field    | Type        | Null | Key | Default | Extra |
+----------+-------------+------+-----+---------+-------+
| SSN      | varchar(20) | YES  |     | NULL    |       |
| emp_id   | int         | YES  |     | NULL    |       |
| name     | varchar(50) | YES  |     | NULL    |       |
| city     | varchar(50) | YES  |     | NULL    |       |
| dob      | year        | YES  |     | NULL    |       |
| adhar_no | varchar(20) | YES  |     | NULL    |       |
+----------+-------------+------+-----+---------+-------+
6 rows in set (0.00 sec)

mysql> 
mysql> ALTER TABLE EMPLOYEE
    -> DROP COLUMN emp_id;
Query OK, 0 rows affected (0.05 sec)
Records: 0  Duplicates: 0  Warnings: 0

mysql> DESC EMPLOYEE;
+----------+-------------+------+-----+---------+-------+
| Field    | Type        | Null | Key | Default | Extra |
+----------+-------------+------+-----+---------+-------+
| SSN      | varchar(20) | YES  |     | NULL    |       |
| name     | varchar(50) | YES  |     | NULL    |       |
| city     | varchar(50) | YES  |     | NULL    |       |
| dob      | year        | YES  |     | NULL    |       |
| adhar_no | varchar(20) | YES  |     | NULL    |       |
+----------+-------------+------+-----+---------+-------+
5 rows in set (0.00 sec)

mysql> 
mysql> ALTER TABLE EMPLOYEE
    -> ADD CONSTRAINT unique_ssn_adhar UNIQUE (SSN, adhar_no);
Query OK, 0 rows affected (0.02 sec)
Records: 0  Duplicates: 0  Warnings: 0

mysql> DESC EMPLOYEE;
+----------+-------------+------+-----+---------+-------+
| Field    | Type        | Null | Key | Default | Extra |
+----------+-------------+------+-----+---------+-------+
| SSN      | varchar(20) | YES  | MUL | NULL    |       |
| name     | varchar(50) | YES  |     | NULL    |       |
| city     | varchar(50) | YES  |     | NULL    |       |
| dob      | year        | YES  |     | NULL    |       |
| adhar_no | varchar(20) | YES  |     | NULL    |       |
+----------+-------------+------+-----+---------+-------+
5 rows in set (0.00 sec)

mysql> 
mysql> ALTER TABLE STUDENT
    -> MODIFY age INT NULL;
Query OK, 0 rows affected (0.05 sec)
Records: 0  Duplicates: 0  Warnings: 0

mysql> DESC STUDENT;
+---------+--------------+------+-----+---------+-------+
| Field   | Type         | Null | Key | Default | Extra |
+---------+--------------+------+-----+---------+-------+
| roll_no | int          | NO   | PRI | NULL    |       |
| name    | varchar(50)  | NO   |     | NULL    |       |
| age     | int          | YES  |     | NULL    |       |
| address | varchar(100) | YES  |     | NULL    |       |
| gender  | char(1)      | YES  |     | m       |       |
+---------+--------------+------+-----+---------+-------+
5 rows in set (0.00 sec)

mysql> 
mysql> ALTER TABLE EMPLOYEE
    -> RENAME TO PERSON;
Query OK, 0 rows affected (0.02 sec)

mysql> DESC PERSON;
+----------+-------------+------+-----+---------+-------+
| Field    | Type        | Null | Key | Default | Extra |
+----------+-------------+------+-----+---------+-------+
| SSN      | varchar(20) | YES  | MUL | NULL    |       |
| name     | varchar(50) | YES  |     | NULL    |       |
| city     | varchar(50) | YES  |     | NULL    |       |
| dob      | year        | YES  |     | NULL    |       |
| adhar_no | varchar(20) | YES  |     | NULL    |       |
+----------+-------------+------+-----+---------+-------+
5 rows in set (0.00 sec)

mysql> 
mysql> DROP TABLE STUDENT1;
Query OK, 0 rows affected (0.00 sec)

mysql> 

